# Properties file of pairs (J-num,static name)
# SDE export does not contain this information, so it's been sourced from tripwire
# via jq -r '. | to_entries | map(.key as $jsig | .value[] | [$jsig, .]) | @csv' | sed -e 's/"//g' | sort
J000102,Q003
J000102,Z006
J000186,C008
J000186,L005
J000186,Q003
J000214,C008
J000214,Q003
J000304,C008
J000304,M001
J000304,Q003
J000313,C008
J000313,Q003
J000327,C008
J000327,L005
J000327,Q003
J000353,L005
J000353,M001
J000353,Q003
J000427,Q003
J000427,Z006
J000452,M001
J000452,Q003
J000452,Z006
J000461,Q003
J000461,Z006
J000487,C008
J000487,Q003
J000487,Z006
J000522,L005
J000522,Q003
J000522,Z006
J000528,M001
J000528,Q003
J000528,Z006
J000551,E004
J000551,Q003
J000595,C008
J000595,L005
J000595,Q003
J000621,L005
J000621,Q003
J000630,E004
J000630,M001
J000630,Q003
J000652,G008
J000652,Q003
J000685,M001
J000685,Q003
J000687,E004
J000687,Q003
J000719,M001
J000719,Q003
J000726,E004
J000726,Q003
J000844,L005
J000844,Q003
J000895,C008
J000895,Q003
J000965,Q003
J000965,Z006
J001025,M267
J001025,U210
J001057,B274
J001057,D382
J001057,E545
J001302,H900
J001302,K346
J001302,U574
J001348,D845
J001348,U210
J001398,K346
J001398,U210
J001670,K346
J001670,U210
J001694,H296
J001694,K346
J001769,H900
J001769,K346
J001769,X877
J001820,H296
J001820,U210
J001890,A239
J001890,B274
J001890,Z647
J002216,J244
J002216,Z060
J002423,D845
J002423,N766
J002423,P060
J002625,C247
J002625,U210
J002625,X877
J002757,N110
J002757,Z060
J002838,K346
J002838,U210
J002964,A239
J002964,E545
J002964,N062
J003382,D364
J003382,U210
J003546,M267
J003546,U210
J003789,D845
J003789,U210
J003793,E175
J003793,K346
J003941,H296
J003941,K346
J004128,H296
J004128,U210
J004150,C247
J004150,D845
J004150,N766
J004283,K346
J004283,U210
J004317,J244
J004317,N110
J004470,C247
J004470,U210
J004470,X877
J004686,A239
J004686,E545
J004686,O477
J004791,J244
J004791,N110
J004921,H296
J004921,K346
J004998,H296
J004998,U210
J005070,K346
J005070,V753
J005223,E175
J005223,U210
J005259,C247
J005259,D845
J005259,X877
J005280,C247
J005280,U210
J005280,X877
J005299,C247
J005299,H900
J005299,K346
J005482,A239
J005482,B274
J005482,Z647
J005663,U210
J005724,H296
J005724,K346
J005834,N110
J005834,Z060
J005872,C247
J005872,P060
J005872,U210
J005900,A239
J005900,E545
J005900,Y683
J005923,K346
J005923,U210
J005926,J244
J005926,N110
J005969,H900
J005969,K346
J005969,U574
J010000,B274
J010000,D382
J010000,Z647
J010247,N766
J010247,U210
J010247,X877
J010366,W237
J010556,D845
J010556,N766
J010556,P060
J010569,J244
J010569,N110
J010811,K346
J010811,V753
J010951,K346
J010951,V911
J011195,H900
J011195,U210
J011195,X877
J011321,B274
J011321,E545
J011321,Y683
J011339,D845
J011339,U210
J011355,C247
J011355,X877
J011376,H900
J011376,U210
J011376,X877
J011563,D845
J011563,U210
J011778,C247
J011778,D845
J011778,P060
J011790,K346
J011790,M267
J011824,C247
J011824,K346
J011824,X877
J012157,J244
J012157,Z060
J012402,N110
J012402,Z060
J012475,K346
J012475,V911
J012578,H296
J012578,U210
J012635,A239
J012635,B274
J012686,K346
J012686,V911
J012735,B274
J012735,E545
J012735,O477
J012773,E175
J012794,K346
J012794,U210
J013070,A239
J013070,E545
J013070,R474
J013123,A239
J013123,B274
J013123,D382
J013146,H296
J013146,K346
J014348,D845
J014348,U210
J015092,N110
J015092,Z060
J015227,K346
J015227,W237
J055520,D382
J100001,C247
J100001,U574
J100009,U210
J100015,U210
J100033,B274
J100033,Y683
J100040,J244
J100046,N766
J100046,X877
J100102,B274
J100102,Z647
J100107,C247
J100107,X877
J100109,H296
J100118,U210
J100120,D364
J100129,D845
J100142,P060
J100142,X877
J100150,H900
J100150,N766
J100156,D845
J100211,N110
J100237,V753
J100246,B274
J100246,Y683
J100250,J244
J100252,M267
J100328,H296
J100338,U210
J100346,H900
J100346,N766
J100357,H900
J100357,X877
J100409,Z457
J100415,H296
J100422,N110
J100425,H296
J100447,B274
J100447,Y683
J100501,Z457
J100509,A239
J100509,D382
J100549,H296
J100551,H296
J100616,M267
J100620,U210
J100640,B274
J100640,Y683
J100642,B274
J100642,Z647
J100651,B274
J100651,Z647
J100702,Y790
J100724,Y790
J100728,U210
J100744,Z060
J100759,M267
J100806,H900
J100806,U574
J100808,A239
J100808,D382
J100820,H296
J100830,C247
J100830,X877
J100846,H900
J100846,N766
J100854,H296
J100858,H296
J100919,M267
J100932,U210
J100937,C247
J100937,X877
J100956,H900
J100956,N766
J101000,H296
J101012,U210
J101020,N110
J101028,H296
J101042,C247
J101042,X877
J101048,U210
J101126,P060
J101126,X877
J101129,P060
J101129,X877
J101142,H900
J101142,N766
J101145,C247
J101145,H900
J101149,B274
J101149,Y683
J101243,K346
J101248,V753
J101307,B274
J101307,O477
J101315,C247
J101315,N766
J101323,K346
J101331,N766
J101331,X877
J101336,J244
J101343,M267
J101346,A239
J101346,D382
J101354,D845
J101408,J244
J101415,A239
J101415,D382
J101435,E175
J101441,B274
J101441,Z647
J101453,J244
J101500,D845
J101507,H900
J101507,N766
J101524,B274
J101524,O477
J101535,C247
J101535,N766
J101551,C247
J101551,N766
J101553,Q317
J101556,M267
J101604,N766
J101604,X877
J101612,D845
J101647,E175
J101650,B274
J101650,Z647
J101652,V911
J101706,H900
J101706,U574
J101708,V911
J101710,B274
J101710,Z647
J101719,B274
J101719,Z647
J101729,Z060
J101736,D845
J101748,V911
J101750,U210
J101755,V911
J101757,J244
J101817,N110
J101824,B274
J101824,Z647
J101833,K346
J101835,H900
J101835,P060
J101845,N110
J101854,D845
J101912,M267
J101915,C247
J101915,X877
J101957,C247
J101957,N766
J102005,N110
J102038,B274
J102038,Z647
J102045,C247
J102045,X877
J102053,H296
J102055,C247
J102055,H900
J102057,U210
J102103,E175
J102143,U210
J102206,J244
J102209,B274
J102209,Z647
J102222,A239
J102222,D382
J102257,U210
J102304,U210
J102336,C247
J102336,N766
J102345,H296
J102347,B274
J102347,Y683
J102407,U210
J102409,H900
J102409,X877
J102414,N110
J102433,K346
J102439,U574
J102439,X877
J102446,Y790
J102504,A239
J102504,D382
J102515,U210
J102521,H900
J102521,X877
J102534,C247
J102534,N766
J102602,B274
J102602,Z647
J102623,H296
J102630,N110
J102655,Z060
J102734,N110
J102736,H296
J102739,B274
J102739,Z647
J102749,N110
J102753,H296
J102834,V911
J102837,N110
J102844,H900
J102844,X877
J102849,N110
J102853,M267
J102856,U210
J102918,N110
J102946,B274
J102946,Z647
J103008,N766
J103008,P060
J103032,U210
J103104,H900
J103104,X877
J103110,H900
J103110,U574
J103116,M267
J103120,C247
J103120,H900
J103141,C247
J103141,H900
J103144,A239
J103144,D382
J103151,J244
J103213,C247
J103213,H900
J103215,E175
J103217,B274
J103217,O477
J103228,C247
J103228,P060
J103237,U210
J103242,C247
J103242,X877
J103251,H296
J103320,N110
J103326,D845
J103328,H296
J103339,B274
J103339,O477
J103341,N110
J103351,A239
J103351,D382
J103353,D845
J103400,L477
J103404,J244
J103406,B274
J103406,O477
J103408,B274
J103408,O477
J103412,H900
J103412,X877
J103414,Z457
J103422,B274
J103422,Y683
J103448,M267
J103453,H296
J103504,V911
J103512,A239
J103512,D382
J103529,U210
J103533,B274
J103533,Z647
J103538,C247
J103538,H900
J103547,N110
J103600,V753
J103604,U210
J103615,H296
J103619,B274
J103619,Z647
J103631,C247
J103631,P060
J103653,U210
J103701,H296
J103704,N766
J103704,P060
J103716,B274
J103716,Y683
J103724,K346
J103727,D364
J103731,N766
J103731,X877
J103800,V911
J103812,E175
J103839,B274
J103839,O477
J103854,A239
J103854,D382
J103907,H900
J103907,P060
J103924,E545
J103924,N062
J103948,B274
J103948,O477
J103955,U210
J103959,Y790
J104001,U210
J104008,B274
J104008,O477
J104029,B274
J104029,Z647
J104037,V911
J104103,N110
J104115,B274
J104115,Y683
J104136,V911
J104138,J244
J104140,J244
J104201,N110
J104210,B274
J104210,Y683
J104216,H296
J104218,M267
J104253,B274
J104253,O477
J104311,C247
J104311,N766
J104321,E545
J104321,R474
J104328,B274
J104328,Y683
J104330,U210
J104335,N110
J104351,U210
J104404,P060
J104404,X877
J104416,K346
J104421,U210
J104439,N110
J104448,Y790
J104459,U210
J104502,H900
J104502,X877
J104515,E545
J104515,N062
J104517,A239
J104517,D382
J104537,M267
J104603,N766
J104603,P060
J104606,A239
J104606,D382
J104617,V753
J104624,C247
J104624,X877
J104626,U210
J104628,N110
J104632,L477
J104643,D845
J104649,H900
J104649,U574
J104654,U210
J104704,E175
J104714,H900
J104714,X877
J104718,A239
J104718,D382
J104723,C247
J104723,X877
J104729,C247
J104729,H900
J104754,N766
J104754,X877
J104802,A239
J104802,D382
J104809,E175
J104815,K346
J104820,B274
J104820,Y683
J104835,K346
J104837,D845
J104841,K346
J104846,V753
J104850,A239
J104850,D382
J104857,V911
J104859,G024
J104903,U210
J104905,U210
J104921,L477
J104948,H900
J104948,P060
J105000,B274
J105000,Y683
J105002,U210
J105007,U210
J105013,N110
J105017,U210
J105023,V911
J105033,K346
J105039,J244
J105059,H296
J105102,U210
J105123,B274
J105123,Z647
J105135,M267
J105201,U210
J105203,B274
J105203,Y683
J105232,N110
J105244,B274
J105244,Z647
J105246,H296
J105311,B274
J105311,Z647
J105319,C247
J105319,X877
J105321,B274
J105321,Y683
J105342,E545
J105342,N062
J105346,H900
J105346,U574
J105348,C247
J105348,N766
J105352,A239
J105352,D382
J105409,D845
J105411,P060
J105411,X877
J105415,C247
J105415,N766
J105433,C247
J105433,N766
J105439,A239
J105439,D382
J105441,D364
J105443,Z060
J105447,K346
J105504,V753
J105521,J244
J105531,E175
J105544,A239
J105544,D382
J105546,C247
J105546,N766
J105549,U210
J105607,H296
J105621,C247
J105621,N766
J105623,V753
J105632,N110
J105642,N110
J105700,N110
J105705,G024
J105711,Z060
J105719,M267
J105722,E175
J105726,U574
J105726,X877
J105801,V911
J105803,B274
J105803,Y683
J105822,V753
J105835,C247
J105835,H900
J105837,N110
J105849,V753
J105858,C247
J105858,H900
J105934,W237
J105936,J244
J105942,J244
J105951,B274
J105951,O477
J110016,P060
J110016,X877
J110018,H296
J110034,U210
J110043,B274
J110043,O477
J110051,N110
J110101,N110
J110108,N110
J110117,H296
J110121,U210
J110126,N110
J110145,D382
J110213,J244
J110226,U210
J110316,B274
J110316,Y683
J110408,B274
J110408,O477
J110411,U210
J110413,A239
J110413,D382
J110417,C247
J110417,H900
J110421,Q317
J110425,D845
J110431,J244
J110448,U210
J110530,H296
J110538,A239
J110538,D382
J110545,N110
J110550,D364
J110555,A239
J110555,D382
J110605,N110
J110628,H296
J110634,H296
J110651,J244
J110656,B274
J110656,O477
J110706,U210
J110719,C247
J110719,X877
J110736,N766
J110736,P060
J110738,K346
J110750,J244
J110759,E175
J110810,L477
J110823,B274
J110823,Y683
J110834,Z457
J110841,M267
J110906,N110
J110910,A239
J110910,D382
J110915,C247
J110915,H900
J110924,D845
J110938,H296
J110946,E175
J111000,H296
J111003,E175
J111007,C247
J111007,P060
J111009,C247
J111009,X877
J111011,B274
J111011,O477
J111029,H900
J111029,N766
J111031,U210
J111038,B274
J111038,Z647
J111106,D364
J111141,A239
J111141,D382
J111150,V753
J111159,E545
J111159,N062
J111214,U210
J111218,U210
J111220,H296
J111227,H296
J111245,H296
J111249,H296
J111255,U210
J111301,Z060
J111309,U210
J111329,P060
J111329,X877
J111355,U210
J111404,H900
J111404,U574
J111421,U210
J111447,V911
J111450,V911
J111458,C247
J111458,N766
J111508,B274
J111508,O477
J111518,H296
J111520,Z457
J111543,E175
J111555,N766
J111555,P060
J111557,B274
J111557,O477
J111603,U210
J111613,E175
J111617,H900
J111617,X877
J111619,U210
J111629,C247
J111629,X877
J111634,U210
J111640,E175
J111644,C247
J111644,P060
J111707,J244
J111740,B274
J111740,O477
J111753,C247
J111753,H900
J111758,U574
J111758,X877
J111805,U210
J111811,N110
J111818,M267
J111823,K346
J111846,A239
J111846,D382
J111856,U210
J111918,L477
J111935,V753
J111939,E175
J111950,C247
J111950,N766
J112003,H296
J112019,B274
J112019,Z647
J112028,Z457
J112042,M267
J112110,U574
J112110,X877
J112124,J244
J112129,N110
J112137,B274
J112137,O477
J112146,B274
J112146,O477
J112150,H900
J112150,X877
J112215,C247
J112215,H900
J112241,H296
J112250,N110
J112309,E545
J112309,N062
J112325,D364
J112404,C247
J112404,X877
J112406,N110
J112417,V911
J112420,U210
J112450,P060
J112450,X877
J112505,B274
J112505,Z647
J112520,B274
J112520,Z647
J112558,B274
J112558,Z647
J112603,D364
J112608,U210
J112610,N766
J112610,P060
J112614,B274
J112614,Y683
J112617,B274
J112617,Z647
J112628,Z060
J112630,U574
J112630,X877
J112656,D845
J112709,U210
J112715,B274
J112715,Z647
J112722,C247
J112722,X877
J112744,N110
J112747,U210
J112801,B274
J112801,O477
J112820,B274
J112820,O477
J112829,V911
J112844,H296
J112850,U210
J112854,U210
J112905,U210
J112913,N110
J112916,A239
J112916,D382
J112918,E175
J112928,C247
J112928,X877
J112934,N110
J112942,U210
J112944,U210
J112948,K346
J112954,K346
J112956,A239
J112956,D382
J113039,E545
J113039,N062
J113048,U210
J113050,N110
J113057,B274
J113057,O477
J113059,H296
J113108,B274
J113108,Y683
J113131,C247
J113131,H900
J113133,C247
J113133,X877
J113143,D845
J113152,H900
J113152,N766
J113158,C247
J113158,H900
J113221,A239
J113221,D382
J113223,B274
J113223,Z647
J113227,C247
J113227,X877
J113230,B274
J113230,O477
J113243,U210
J113250,N766
J113250,P060
J113323,A239
J113323,D382
J113334,D845
J113339,U210
J113347,D845
J113420,U210
J113432,U210
J113434,Z060
J113437,C247
J113437,H900
J113449,E545
J113449,N062
J113451,U210
J113453,H900
J113453,N766
J113456,H900
J113456,N766
J113506,N110
J113508,C247
J113508,H900
J113530,U210
J113543,U210
J113551,C247
J113551,N766
J113619,U210
J113629,U210
J113632,N110
J113636,H296
J113647,K346
J113653,J244
J113701,H296
J113705,K346
J113712,H296
J113721,J244
J113723,B274
J113723,Z647
J113727,P060
J113727,X877
J113730,H900
J113730,N766
J113754,C247
J113754,P060
J113758,H296
J113813,C247
J113813,N766
J113820,N110
J113907,V753
J113918,N110
J113923,U210
J113925,N766
J113925,X877
J113950,H900
J113950,X877
J114003,V911
J114008,B274
J114008,Z647
J114010,K346
J114014,V753
J114019,H296
J114026,U574
J114026,X877
J114031,H900
J114031,N766
J114033,J244
J114041,M267
J114046,B274
J114046,Y683
J114048,U210
J114055,B274
J114055,Y683
J114100,H296
J114107,N110
J114119,U210
J114127,U210
J114133,C247
J114133,N766
J114154,H296
J114225,U210
J114306,B274
J114306,Y683
J114308,B274
J114308,Z647
J114313,N110
J114315,E175
J114318,C247
J114318,H900
J114330,U210
J114337,H296
J114342,U210
J114346,B274
J114346,O477
J114353,Y790
J114355,C247
J114355,X877
J114358,D845
J114403,H296
J114405,B274
J114405,Y683
J114408,C247
J114408,X877
J114420,N110
J114430,V911
J114441,H296
J114443,H296
J114506,K346
J114508,D845
J114518,H296
J114528,A239
J114528,D382
J114530,C247
J114530,N766
J114537,M267
J114540,J244
J114546,N110
J114612,K346
J114627,U210
J114648,U210
J114700,Z060
J114712,B274
J114712,Y683
J114719,N110
J114735,C247
J114735,H900
J114749,A239
J114749,D382
J114758,B274
J114758,Y683
J114809,H296
J114835,B274
J114835,O477
J114842,V753
J114905,J244
J114914,N110
J114916,D845
J115008,Z457
J115015,U210
J115018,N766
J115018,X877
J115026,P060
J115026,X877
J115031,H900
J115031,X877
J115041,H296
J115048,J244
J115118,U574
J115118,X877
J115124,E175
J115127,H296
J115136,U210
J115200,N110
J115216,N110
J115234,B274
J115234,Z647
J115253,U210
J115304,H900
J115304,X877
J115308,M267
J115310,A239
J115310,D382
J115314,A239
J115314,D382
J115327,E545
J115327,R474
J115334,A239
J115334,D382
J115347,A239
J115347,D382
J115405,H296
J115418,M267
J115422,M267
J115448,U210
J115502,D845
J115504,U210
J115512,K346
J115517,H296
J115520,M267
J115522,V753
J115528,N766
J115528,X877
J115530,A239
J115530,D382
J115545,J244
J115547,H900
J115547,N766
J115549,J244
J115552,P060
J115552,X877
J115554,C247
J115554,N766
J115644,H296
J115651,B274
J115651,Y683
J115658,C247
J115658,X877
J115700,E545
J115700,N062
J115706,U210
J115727,E175
J115734,A239
J115734,D382
J115738,N110
J115808,N110
J115815,N110
J115823,N110
J115844,W237
J115855,W237
J115901,H296
J115905,E175
J115907,H296
J115909,U210
J115911,A239
J115911,D382
J115918,U210
J115923,G024
J115933,M267
J115935,L477
J115950,H296
J120010,V753
J120103,L477
J120124,K346
J120131,H900
J120131,U574
J120134,H900
J120134,U574
J120252,A239
J120252,D382
J120256,N110
J120308,B274
J120308,O477
J120310,B274
J120310,O477
J120316,H900
J120316,N766
J120335,N110
J120338,N110
J120354,E175
J120357,D845
J120409,H900
J120409,X877
J120431,N110
J120437,M267
J120442,B274
J120442,Y683
J120450,H900
J120450,X877
J120452,U210
J120455,E545
J120455,N062
J120512,L477
J120522,J244
J120546,H296
J120619,B274
J120619,Y683
J120621,N110
J120634,B274
J120634,Z647
J120643,C247
J120643,P060
J120704,A239
J120704,D382
J120726,B274
J120726,O477
J120734,N110
J120742,U210
J120750,Y790
J120816,H296
J120823,V753
J120844,H900
J120844,P060
J120922,E175
J120924,B274
J120924,Z647
J120928,B274
J120928,Y683
J120937,N766
J120937,X877
J120945,U210
J121006,C247
J121006,H900
J121027,U210
J121105,D845
J121116,H900
J121116,X877
J121131,J244
J121146,H296
J121158,N110
J121230,D364
J121300,D845
J121323,B274
J121323,Z647
J121347,C247
J121347,P060
J121358,Z060
J121412,B274
J121412,Y683
J121416,V753
J121418,N110
J121422,K346
J121450,H296
J121452,U210
J121454,B274
J121454,O477
J121459,H296
J121507,K346
J121516,J244
J121558,P060
J121558,X877
J121603,D845
J121623,C247
J121623,X877
J121628,U210
J121649,H296
J121658,A239
J121658,D382
J121700,U210
J121704,V753
J121706,U210
J121720,B274
J121720,Z647
J121728,E545
J121728,N062
J121745,E545
J121745,N062
J121747,H296
J121749,B274
J121749,Z647
J121842,H296
J121845,H900
J121845,N766
J121847,C247
J121847,H900
J121856,D845
J121915,N110
J121921,K346
J121925,B274
J121925,O477
J121928,A239
J121928,D382
J121935,N110
J121941,N110
J121952,A239
J121952,D382
J121959,V753
J122041,U210
J122049,V753
J122056,H900
J122056,N766
J122114,N110
J122116,H296
J122118,B274
J122118,Z647
J122124,B274
J122124,Y683
J122137,B274
J122137,Z647
J122155,P060
J122155,X877
J122213,U210
J122220,D845
J122224,N110
J122246,B274
J122246,Y683
J122249,L477
J122259,D845
J122331,B274
J122331,Y683
J122442,K346
J122452,V911
J122503,C247
J122503,H900
J122515,H296
J122518,E175
J122520,H296
J122524,E545
J122524,N062
J1226-0,C247
J1226-0,X877
J122610,V753
J122635,B274
J122635,Z647
J122638,E545
J122638,N062
J122656,C247
J122656,U574
J122659,N110
J122706,H900
J122706,X877
J122712,N110
J122717,N110
J122721,H296
J122728,C247
J122728,H900
J122732,B274
J122732,Z647
J122757,M267
J122803,U210
J122806,U210
J122818,V911
J122821,B274
J122821,O477
J122832,B274
J122832,Y683
J122837,A239
J122837,D382
J122843,N110
J122854,D845
J122931,B274
J122931,Z647
J122934,C247
J122934,X877
J123047,J244
J123055,E175
J123111,J244
J123230,U210
J123235,M267
J123246,C247
J123246,X877
J123249,A239
J123249,D382
J123303,U210
J123345,C247
J123345,N766
J123352,C247
J123352,N766
J123405,U210
J123412,E545
J123412,N062
J123432,H296
J123435,A239
J123435,D382
J123440,V753
J123443,K346
J123450,B274
J123450,Y683
J123452,U210
J123454,J244
J123458,C247
J123458,X877
J123528,C247
J123528,N766
J123540,B274
J123540,Z647
J123546,E175
J123555,E545
J123555,N062
J123602,H296
J123628,V753
J123658,H296
J123708,J244
J123726,N766
J123726,P060
J123746,C247
J123746,X877
J123748,N110
J123753,C247
J123753,X877
J123828,N110
J123831,J244
J123837,U210
J123850,E545
J123850,N062
J123907,A239
J123907,D382
J123940,V911
J123947,C247
J123947,X877
J123958,B274
J123958,Z647
J124007,E545
J124007,N062
J124023,B274
J124023,O477
J124028,E545
J124028,N062
J124046,H296
J124051,N110
J124058,H296
J124100,H296
J124109,C247
J124109,X877
J124126,U210
J124152,H296
J124201,V911
J124203,U210
J124207,U210
J124215,N110
J124219,B274
J124219,O477
J124224,H900
J124224,X877
J124236,C247
J124236,N766
J124253,B274
J124253,Z647
J124257,U210
J124306,N766
J124306,X877
J124327,D845
J124329,U210
J124358,U210
J124409,H296
J124449,B274
J124449,Z647
J124451,N110
J124504,W237
J124508,B274
J124508,O477
J124526,B274
J124526,Z647
J124530,A239
J124530,D382
J124538,M267
J124611,B274
J124611,Z647
J124630,U210
J124635,K346
J124646,U210
J124654,U210
J124715,U210
J124722,H296
J124727,H900
J124727,X877
J124730,Y790
J124733,H296
J124744,U210
J124749,B274
J124749,Z647
J124753,U210
J124813,U210
J124830,D845
J124837,N766
J124837,P060
J124926,J244
J124930,N766
J124930,X877
J124933,C247
J124933,X877
J124942,M267
J124949,D364
J125011,J244
J125016,K346
J125023,H296
J125029,B274
J125029,Z647
J125031,P060
J125031,X877
J125049,U210
J125101,H296
J125111,V911
J125122,V911
J125149,U210
J125209,N110
J125213,H900
J125213,X877
J125216,D845
J125227,B274
J125227,O477
J125243,D845
J125245,E175
J125247,N766
J125247,X877
J125254,M267
J125302,C247
J125302,P060
J125316,C247
J125316,H900
J125350,B274
J125350,Z647
J125403,D845
J125428,J244
J125449,K346
J125532,E175
J125544,M267
J125629,C247
J125629,X877
J125634,H296
J125641,M267
J125650,N110
J125657,M267
J125713,J244
J125716,E175
J125721,B274
J125721,Y683
J125727,A239
J125727,D382
J125741,U210
J125824,E545
J125824,R474
J125833,U210
J125843,J244
J125853,H296
J125903,J244
J125923,E545
J125923,R474
J125925,N110
J125927,A239
J125927,D382
J125929,C247
J125929,P060
J125938,U210
J125944,K346
J125949,U210
J125956,B274
J125956,O477
J125990,H296
J130001,H900
J130001,N766
J130022,U210
J130026,D364
J130037,H296
J130039,H296
J130045,N110
J130116,U210
J130125,B274
J130125,Z647
J130155,N110
J130203,C247
J130203,X877
J130209,B274
J130209,Y683
J130222,B274
J130222,Y683
J130237,H900
J130237,P060
J130241,H296
J130247,D845
J130253,N766
J130253,X877
J130256,B274
J130256,O477
J130302,V753
J130305,E175
J130322,N110
J130330,H900
J130330,X877
J130332,C247
J130332,X877
J130334,M267
J130343,C247
J130343,X877
J130401,H296
J130403,U210
J130451,C247
J130451,H900
J130510,H296
J130518,N766
J130518,X877
J130535,U210
J130542,N110
J130554,N766
J130554,X877
J130602,J244
J130616,U210
J130621,V753
J130650,A239
J130650,D382
J130709,E545
J130709,N062
J130711,D364
J130714,J244
J130719,U210
J130735,H296
J130759,K346
J130810,C247
J130810,H900
J130818,H296
J130828,U574
J130828,X877
J130832,E545
J130832,N062
J130835,D845
J130842,J244
J130854,B274
J130854,Y683
J130900,V911
J130931,N110
J130944,P060
J130944,X877
J131004,C247
J131004,X877
J131025,D845
J131034,A239
J131034,D382
J131037,H900
J131037,X877
J131047,H900
J131047,N766
J131107,B274
J131107,Y683
J131113,N766
J131113,X877
J131124,A239
J131124,D382
J131128,V753
J131142,H296
J131204,B274
J131204,O477
J131208,C247
J131208,X877
J131221,B274
J131221,Y683
J131228,U210
J131232,N110
J131240,B274
J131240,Y683
J131245,K346
J131252,H900
J131252,X877
J131304,U210
J131315,B274
J131315,Z647
J131324,K346
J131401,H296
J131450,H296
J131505,H296
J131509,E175
J131520,E175
J131549,M267
J131551,N110
J131553,N766
J131553,P060
J131559,D845
J131618,A239
J131618,D382
J131624,C247
J131624,P060
J131646,H296
J131656,K346
J131702,N110
J131704,C247
J131704,X877
J131706,A239
J131706,D382
J131712,U574
J131712,X877
J131716,U210
J131718,H296
J131744,E545
J131744,R474
J131747,M267
J131753,A239
J131753,D382
J131757,U210
J131802,D845
J131808,A239
J131808,D382
J131842,B274
J131842,Z647
J131852,B274
J131852,Z647
J131854,J244
J131859,D845
J131916,L477
J131948,D364
J132009,B274
J132009,O477
J132012,B274
J132012,Z647
J132024,B274
J132024,Y683
J132037,K346
J132048,A239
J132048,D382
J132052,B274
J132052,Y683
J132103,B274
J132103,Z647
J132106,V911
J132144,C247
J132144,H900
J132149,H900
J132149,P060
J132152,C247
J132152,X877
J132216,N110
J132222,D845
J132226,K346
J132256,C247
J132256,X877
J132258,H296
J132309,H900
J132309,P060
J132328,E175
J132401,A239
J132401,D382
J132418,B274
J132418,O477
J132427,H296
J132458,A239
J132458,D382
J132525,U210
J132532,H900
J132532,N766
J132546,E175
J132557,B274
J132557,O477
J132559,B274
J132559,Y683
J132601,H296
J132605,H296
J132611,C247
J132611,N766
J132617,A239
J132617,D382
J132635,U210
J132712,A239
J132712,D382
J132721,D845
J132735,C247
J132735,U574
J132737,D845
J132740,H900
J132740,X877
J132746,K346
J132750,U210
J132754,C247
J132754,N766
J132758,N110
J132814,D364
J132823,Y790
J132907,U210
J132918,B274
J132918,Y683
J132946,H296
J133011,H296
J133013,C247
J133013,X877
J133015,B274
J133015,Y683
J133023,E175
J133030,J244
J133041,D845
J133049,B274
J133049,Z647
J133052,N110
J133111,A239
J133111,D382
J133113,C247
J133113,U574
J133119,Y790
J133121,D845
J133128,N110
J133150,B274
J133150,Z647
J133157,C247
J133157,X877
J133207,D845
J133210,B274
J133210,O477
J133218,U210
J133222,V753
J133234,U210
J133241,V911
J133245,N110
J133250,U210
J133252,H296
J133259,N110
J133335,N110
J133358,C247
J133358,X877
J133417,B274
J133417,Z647
J133419,B274
J133419,Y683
J133440,H296
J133458,N766
J133458,X877
J133513,E175
J133521,U210
J133525,H296
J133529,M267
J133537,D364
J133553,M267
J133557,B274
J133557,Y683
J133613,N110
J133632,E545
J133632,N062
J133638,H900
J133638,U574
J133651,U210
J133653,N110
J133833,V753
J133857,D845
J133906,W237
J133913,V753
J133923,E175
J133931,H900
J133931,X877
J133936,N766
J133936,X877
J133951,K346
J133957,H900
J133957,X877
J134006,B274
J134006,O477
J134022,U210
J134024,M267
J134096,H296
J134102,U210
J134107,A239
J134107,D382
J134118,K346
J134123,D845
J134132,J244
J134136,D845
J134141,V753
J134143,J244
J134145,N110
J134216,H900
J134216,U574
J134242,H296
J134301,U210
J134306,B274
J134306,Z647
J134312,Z060
J134323,B274
J134323,Y683
J134330,N110
J134333,C247
J134333,H900
J134349,A239
J134349,D382
J134354,C247
J134354,X877
J134401,E545
J134401,R474
J134405,B274
J134405,Z647
J134407,H900
J134407,N766
J134414,N766
J134414,X877
J134431,D845
J134440,M267
J134446,J244
J134459,C247
J134459,P060
J134527,C247
J134527,X877
J134534,B274
J134534,Y683
J134540,N110
J134610,N110
J134618,B274
J134618,Y683
J134629,U210
J134637,J244
J134652,V753
J134654,B274
J134654,O477
J134702,H296
J134716,C247
J134716,U574
J134730,A239
J134730,D382
J134732,H900
J134732,X877
J134735,E545
J134735,N062
J134800,B274
J134800,O477
J134833,N110
J134851,N766
J134851,X877
J134914,Z060
J134939,J244
J134949,A239
J134949,D382
J134951,B274
J134951,O477
J135031,V911
J135036,D845
J135038,Z060
J135046,H296
J135100,H296
J135129,U210
J135141,A239
J135141,D382
J135155,A239
J135155,D382
J135204,V753
J135214,U210
J135220,V911
J135230,B274
J135230,Z647
J135245,J244
J135250,J244
J135301,M267
J135304,U210
J135306,E175
J135346,C247
J135346,P060
J135355,U210
J135402,H296
J135406,K346
J135411,J244
J135422,B274
J135422,Z647
J135449,D364
J135504,G024
J135508,N766
J135508,P060
J135526,U210
J135533,E175
J135540,H296
J135543,C247
J135543,U574
J135554,E175
J135559,H296
J135623,L477
J135626,E175
J135629,A239
J135629,D382
J135642,U210
J135653,H296
J135703,B274
J135703,Y683
J135705,E175
J135723,U210
J135807,C247
J135807,N766
J135809,B274
J135809,Y683
J135825,E175
J135827,A239
J135827,D382
J135836,C247
J135836,X877
J135852,U210
J135908,N766
J135908,X877
J135910,B274
J135910,Y683
J140012,B274
J140012,O477
J140019,N110
J140050,U210
J140053,H900
J140053,N766
J140112,B274
J140112,Y683
J140121,J244
J140133,E175
J140135,N110
J140154,C247
J140154,X877
J140200,V911
J140215,N766
J140215,X877
J140244,H900
J140244,X877
J140246,C247
J140246,N766
J140249,H296
J140308,B274
J140308,Y683
J140322,U210
J140336,H296
J140341,U210
J140343,E175
J140353,B274
J140353,Z647
J140418,M267
J140514,M267
J140521,U210
J140524,H296
J140545,H900
J140545,X877
J140555,W237
J140600,H296
J140602,J244
J140608,Y790
J140642,B274
J140642,Y683
J140717,D364
J140720,C247
J140720,X877
J140722,B274
J140722,Z647
J140739,U210
J140741,J244
J140750,E545
J140750,N062
J140752,U210
J140810,C247
J140810,H900
J140816,A239
J140816,D382
J140823,H900
J140823,X877
J140831,N110
J140843,B274
J140843,Z647
J140912,U574
J140912,X877
J140918,Z457
J140932,C247
J140932,H900
J141001,C247
J141001,H900
J141004,U210
J141007,U210
J141015,A239
J141015,D382
J141017,N110
J141019,J244
J141021,C247
J141021,X877
J141032,E175
J141038,N110
J141043,V753
J141046,K346
J141055,H900
J141055,N766
J141104,C247
J141104,H900
J141137,Y790
J141150,N110
J141156,B274
J141156,O477
J141204,H296
J141218,H900
J141218,N766
J141220,P060
J141220,X877
J141239,J244
J141250,V753
J141252,U574
J141252,X877
J141316,H900
J141316,X877
J141319,V911
J141322,C247
J141322,X877
J141332,B274
J141332,Y683
J141342,C247
J141342,X877
J141425,C247
J141425,H900
J141434,W237
J141438,E545
J141438,N062
J141451,D845
J141502,Z457
J141514,N110
J141609,H296
J141611,B274
J141611,Z647
J141615,V753
J141633,H900
J141633,X877
J141637,B274
J141637,Z647
J141647,C247
J141647,N766
J141728,M267
J141740,C247
J141740,N766
J141807,N110
J141812,J244
J141832,U210
J141848,U210
J141857,B274
J141857,O477
J141931,C247
J141931,X877
J142018,U210
J142026,U210
J142038,U210
J142055,A239
J142055,D382
J142110,M267
J142114,N110
J142117,C247
J142117,H900
J142119,N110
J142136,N110
J142138,E175
J142200,N766
J142200,X877
J142214,C247
J142214,U574
J142234,H296
J142239,B274
J142239,Y683
J142241,H900
J142241,N766
J142247,Z457
J142306,B274
J142306,O477
J142327,N110
J142335,C247
J142335,H900
J142349,M267
J142355,C247
J142355,P060
J142400,D845
J142414,U210
J142438,H296
J142443,D845
J142506,H900
J142506,X877
J142520,U210
J142528,W237
J142533,B274
J142533,O477
J142535,E175
J142547,B274
J142547,O477
J142603,U210
J142617,N110
J142624,H296
J142631,V753
J142649,N110
J142653,E175
J142701,J244
J142800,C247
J142800,H900
J142814,E175
J142822,H900
J142822,X877
J142826,A239
J142826,D382
J142838,A239
J142838,D382
J142845,E545
J142845,N062
J142847,A239
J142847,D382
J142858,H296
J142910,H296
J142918,A239
J142918,D382
J142923,U574
J142923,X877
J142937,E545
J142937,N062
J142941,N110
J142951,D845
J143002,N110
J143040,U210
J143057,H296
J143107,V753
J143110,U210
J143123,Y790
J143127,H296
J143133,N110
J143140,N766
J143140,X877
J143200,Z457
J143202,J244
J143204,Z060
J143234,E545
J143234,N062
J143245,H296
J143320,A239
J143320,D382
J143336,A239
J143336,D382
J143345,U210
J143359,B274
J143359,Y683
J143421,N110
J143429,B274
J143429,O477
J143447,U210
J143455,A239
J143455,D382
J143505,B274
J143505,O477
J143513,D845
J143517,N110
J143525,E175
J143546,E545
J143546,N062
J143557,H900
J143557,N766
J143605,M267
J143614,U210
J143626,M267
J143628,N110
J143639,B274
J143639,O477
J143649,N110
J143702,A239
J143702,D382
J143704,K346
J143706,A239
J143706,D382
J143718,V753
J143740,H296
J143751,V911
J143819,E175
J143841,N766
J143841,P060
J143845,E175
J143902,H900
J143902,X877
J143916,U210
J143918,D845
J143922,N766
J143922,X877
J143933,E545
J143933,N062
J143946,N766
J143946,X877
J144004,B274
J144004,Z647
J144024,U210
J144038,H900
J144038,X877
J144057,A239
J144057,D382
J144103,K346
J144107,H296
J144115,H296
J144120,C247
J144120,P060
J144131,C247
J144131,H900
J144135,C247
J144135,N766
J144153,B274
J144153,O477
J144203,B274
J144203,Z647
J144218,B274
J144218,O477
J144228,N110
J144303,J244
J144316,K346
J144326,B274
J144326,Z647
J144329,C247
J144329,X877
J144401,C247
J144401,X877
J144408,U210
J144420,V911
J144422,B274
J144422,Z647
J144426,B274
J144426,Y683
J144434,H296
J144436,W237
J144447,U210
J144450,J244
J144454,E175
J144519,H900
J144519,N766
J144530,J244
J144543,H296
J144546,B274
J144546,Y683
J144553,D845
J144605,B274
J144605,O477
J144621,U210
J144632,N110
J144636,D845
J144646,U210
J144704,N110
J144725,D845
J144727,A239
J144727,D382
J144732,N766
J144732,X877
J144739,B274
J144739,Z647
J144743,C247
J144743,X877
J144746,H900
J144746,N766
J144751,U210
J144822,N110
J144838,B274
J144838,O477
J144845,H900
J144845,N766
J144855,J244
J144902,V911
J144913,J244
J144938,J244
J144944,H296
J144956,B274
J144956,Y683
J145040,U210
J145129,H900
J145129,N766
J145131,E175
J145145,B274
J145145,Z647
J145155,B274
J145155,Y683
J145203,D364
J145208,H296
J145211,B274
J145211,Y683
J145225,A239
J145225,D382
J145238,P060
J145238,X877
J145246,B274
J145246,Z647
J145310,E175
J145313,V753
J145316,B274
J145316,Y683
J145318,C247
J145318,N766
J145320,M267
J145322,H296
J145335,C247
J145335,X877
J145337,J244
J145349,H296
J145359,V753
J145406,J244
J145416,M267
J145424,H900
J145424,P060
J145426,B274
J145426,Z647
J145440,B274
J145440,Z647
J145452,N766
J145452,X877
J145510,W237
J145512,V753
J145523,V911
J145535,C247
J145535,X877
J145555,K346
J145604,H900
J145604,X877
J145615,D845
J145619,A239
J145619,D382
J145632,U210
J145634,B274
J145634,Z647
J145645,D845
J145659,H900
J145659,X877
J145706,H296
J145715,B274
J145715,O477
J145717,K346
J145735,V753
J145739,C247
J145739,X877
J145749,C247
J145749,U574
J145753,H296
J145757,C247
J145757,X877
J145759,B274
J145759,Y683
J145805,B274
J145805,O477
J145825,H296
J145838,P060
J145838,X877
J145844,V753
J145846,H296
J145848,C247
J145848,X877
J145851,D845
J145916,U210
J145931,B274
J145931,O477
J145937,H900
J145937,N766
J145939,L477
J145944,C247
J145944,X877
J150020,W237
J150026,C247
J150026,X877
J150036,H296
J150044,C247
J150044,X877
J150048,U210
J150109,A239
J150109,D382
J150112,H900
J150112,U574
J150131,J244
J150135,K346
J150137,B274
J150137,Y683
J150216,N110
J150234,B274
J150234,Z647
J150306,H296
J150318,H900
J150318,X877
J150320,N766
J150320,X877
J150325,N110
J150341,B274
J150341,Y683
J150407,N110
J150418,B274
J150418,Z647
J150444,K346
J150515,H296
J150533,E545
J150533,N062
J150539,N110
J150606,D364
J150625,C247
J150625,H900
J150627,E545
J150627,N062
J150629,N110
J150635,H900
J150635,X877
J150637,C247
J150637,X877
J150656,C247
J150656,H900
J150700,B274
J150700,Y683
J150704,U210
J150737,D845
J150745,N110
J150754,B274
J150754,Z647
J150805,C247
J150805,H900
J150807,A239
J150807,D382
J150818,N110
J150827,N110
J150836,A239
J150836,D382
J150853,A239
J150853,D382
J150859,B274
J150859,Y683
J150904,A239
J150904,D382
J150921,B274
J150921,O477
J150944,C247
J150944,H900
J150951,N766
J150951,X877
J151021,C247
J151021,N766
J151035,D364
J151045,K346
J151047,B274
J151047,O477
J151057,D364
J151102,B274
J151102,Z647
J151106,J244
J151125,E545
J151125,N062
J151141,N110
J151200,H296
J151204,M267
J151231,B274
J151231,O477
J151242,K346
J151248,B274
J151248,Z647
J151250,B274
J151250,Y683
J151300,M267
J151303,C247
J151303,X877
J151311,B274
J151311,Z647
J151319,H296
J151325,G024
J151332,N110
J151341,U210
J151348,B274
J151348,Z647
J151353,P060
J151353,X877
J151359,N766
J151359,X877
J151405,D845
J151416,H900
J151416,N766
J151429,U210
J151431,B274
J151431,Z647
J151433,U210
J151503,A239
J151503,D382
J151516,K346
J151518,N110
J151520,P060
J151520,X877
J151530,H296
J151538,U210
J151548,B274
J151548,O477
J151601,N110
J151610,H900
J151610,N766
J151615,B274
J151615,Y683
J151643,N766
J151643,P060
J151645,K346
J151718,H296
J151720,P060
J151720,X877
J151733,U210
J151757,C247
J151757,H900
J151804,K346
J151811,D364
J151813,H296
J151817,V911
J151838,V911
J151900,U210
J151902,A239
J151902,D382
J151909,H296
J151920,Q317
J151940,H900
J151940,X877
J152006,N110
J152014,N110
J152031,U210
J152034,M267
J152044,D845
J152106,E175
J152111,V753
J152117,V911
J152143,U210
J152146,U210
J152218,U210
J152255,H900
J152255,N766
J152257,N110
J152322,A239
J152322,D382
J152325,V753
J152333,K346
J152353,N110
J152404,C247
J152404,X877
J152421,N766
J152421,X877
J152433,B274
J152433,O477
J152443,H900
J152443,P060
J152502,C247
J152502,X877
J152537,J244
J152544,K346
J152550,V911
J152624,B274
J152624,Z647
J152628,C247
J152628,X877
J152633,C247
J152633,X877
J152636,U210
J152654,H900
J152654,X877
J152703,H296
J152711,C247
J152711,H900
J152720,C247
J152720,X877
J152722,Z457
J152737,A239
J152737,D382
J152739,D364
J152741,U210
J152757,K346
J152801,B274
J152801,O477
J152820,H296
J152825,A239
J152825,D382
J152827,H296
J152912,V753
J152928,N110
J152931,D845
J152941,A239
J152941,D382
J152950,A239
J152950,D382
J153001,Z060
J153003,B274
J153003,Z647
J153030,B274
J153030,Z647
J153034,U210
J153051,D845
J153054,H296
J153104,U210
J153106,E175
J153110,C247
J153110,H900
J153116,U574
J153116,X877
J153144,H296
J153202,H900
J153202,N766
J153215,C247
J153215,P060
J153217,V911
J153222,H296
J153229,B274
J153229,Y683
J153247,A239
J153247,D382
J153311,N110
J153335,H296
J153338,C247
J153338,N766
J153447,V753
J153449,V753
J153528,U210
J153530,N110
J153532,B274
J153532,O477
J153536,N110
J153546,K346
J153627,B274
J153627,O477
J153722,C247
J153722,N766
J153802,H296
J153825,E175
J153858,K346
J153903,U210
J153919,M267
J154021,L477
J154029,J244
J154102,C247
J154102,X877
J154109,U574
J154109,X877
J154145,D845
J154152,M267
J154212,B274
J154212,O477
J154226,J244
J154232,H900
J154232,N766
J154249,B274
J154249,Z647
J154321,C247
J154321,H900
J154354,N110
J154357,D845
J154407,C247
J154407,X877
J154449,K346
J154509,V753
J154515,B274
J154515,Y683
J154530,U210
J154535,Z060
J154538,B274
J154538,Y683
J154541,H900
J154541,X877
J154551,H296
J154606,B274
J154606,Y683
J154610,H900
J154610,X877
J154631,H900
J154631,U574
J154634,D845
J154642,U210
J154706,U574
J154706,X877
J154724,H900
J154724,X877
J154726,H296
J154733,H296
J154735,A239
J154735,D382
J154813,B274
J154813,Z647
J154824,H900
J154824,U574
J154829,W237
J154833,N766
J154833,X877
J154846,V753
J154854,C247
J154854,H900
J154858,B274
J154858,Y683
J154900,U210
J154906,V753
J154934,D845
J154937,E545
J154937,R474
J155002,H900
J155002,N766
J155008,D845
J155013,J244
J155023,Z060
J155029,N110
J155035,A239
J155035,D382
J155040,M267
J155117,U210
J155124,D845
J155200,C247
J155200,X877
J155203,N110
J155207,Q317
J155214,C247
J155214,N766
J155249,C247
J155249,P060
J155256,E175
J155307,B274
J155307,O477
J155311,Q317
J155313,N766
J155313,X877
J155338,H900
J155338,P060
J155340,C247
J155340,U574
J155403,K346
J155416,C247
J155416,P060
J155419,U210
J155429,Z060
J155459,J244
J155504,N110
J155506,H900
J155506,X877
J155521,N766
J155521,P060
J155541,U210
J155545,K346
J155551,A239
J155551,D382
J155600,H296
J155616,B274
J155616,O477
J155620,B274
J155620,O477
J155631,B274
J155631,Z647
J155650,Z457
J155711,N766
J155711,X877
J155714,D364
J155722,K346
J155737,B274
J155737,O477
J155739,H296
J155831,C247
J155831,U574
J155833,N110
J155838,G024
J155845,H296
J155852,U210
J155905,H296
J155928,E175
J155935,N110
J155959,H900
J155959,X877
J160014,B274
J160014,Y683
J160016,C247
J160016,H900
J160032,C247
J160032,X877
J160039,J244
J160046,C247
J160046,X877
J160111,K346
J160126,B274
J160126,Z647
J160156,C247
J160156,H900
J160225,N766
J160225,X877
J160305,A239
J160305,D382
J160307,N110
J160311,B274
J160311,Y683
J160321,N766
J160321,P060
J160334,N110
J160345,N110
J160412,B274
J160412,O477
J160419,N766
J160419,X877
J160455,U574
J160455,X877
J160459,U574
J160459,X877
J160534,J244
J160547,V753
J160623,E175
J160645,U210
J160650,U210
J160710,N110
J160715,B274
J160715,O477
J160722,Z457
J160739,D845
J160753,B274
J160753,O477
J160800,H900
J160800,P060
J160822,K346
J160835,N110
J160837,Z060
J160847,U210
J160855,Q317
J160927,A239
J160927,D382
J160929,C247
J160929,H900
J160941,B274
J160941,O477
J161029,H900
J161029,U574
J161032,H296
J161037,U574
J161037,X877
J161051,U210
J161107,N110
J161115,N110
J161119,H900
J161119,U574
J161138,E545
J161138,R474
J161213,U210
J161215,V911
J161246,A239
J161246,D382
J161257,J244
J161301,M267
J161303,U210
J161335,Z457
J161338,U210
J161344,N110
J161354,Y790
J161357,H900
J161357,X877
J161411,E545
J161411,N062
J161441,K346
J161455,U210
J161509,N110
J161524,N110
J161609,H296
J161628,B274
J161628,Z647
J161635,V753
J161644,N110
J161657,U210
J161737,M267
J161745,H296
J161747,H296
J161752,N766
J161752,P060
J161811,N110
J161815,C247
J161815,X877
J161838,H296
J161846,N110
J161854,K346
J161940,H296
J161944,E175
J162007,V753
J162010,U210
J162042,B274
J162042,Z647
J162047,M267
J162118,N110
J162132,H296
J162159,B274
J162159,Z647
J162205,H900
J162205,X877
J162226,C247
J162226,P060
J162231,C247
J162231,X877
J162251,H900
J162251,X877
J162255,C247
J162255,X877
J162303,H900
J162303,X877
J162332,B274
J162332,Z647
J162349,H296
J162430,B274
J162430,Y683
J162437,D845
J162459,U210
J162516,A239
J162516,D382
J162518,B274
J162518,Z647
J162604,Z060
J162612,E175
J162614,L477
J162632,N766
J162632,X877
J162638,Y790
J162641,J244
J162656,C247
J162656,N766
J162700,B274
J162700,O477
J162720,B274
J162720,O477
J162753,M267
J162816,C247
J162816,X877
J162819,C247
J162819,X877
J162828,C247
J162828,X877
J162831,C247
J162831,N766
J162853,E175
J162858,N110
J163138,B274
J163138,Y683
J163146,A239
J163146,D382
J163156,N110
J163203,J244
J163217,C247
J163217,P060
J163225,V911
J163318,B274
J163318,Z647
J163408,V753
J163435,C247
J163435,X877
J163444,C247
J163444,H900
J163446,A239
J163446,D382
J163522,B274
J163522,Z647
J163526,U210
J163529,D845
J163533,N110
J163641,P060
J163641,X877
J163701,H296
J163743,N110
J163745,D845
J163754,H900
J163754,X877
J163804,J244
J163902,A239
J163902,D382
J163911,U210
J163923,E545
J163923,N062
J163930,V753
J164025,C247
J164025,P060
J164031,C247
J164031,P060
J164034,U210
J164104,D845
J164116,U210
J164126,B274
J164126,Z647
J164130,B274
J164130,Y683
J164147,Y790
J164218,Z060
J164223,K346
J164235,B274
J164235,O477
J164250,U210
J164327,H296
J164338,U210
J164342,U210
J164417,B274
J164417,O477
J164430,H296
J164457,U210
J164501,U210
J164507,B274
J164507,Y683
J164511,H296
J164528,C247
J164528,H900
J164550,J244
J164553,E175
J164610,V753
J164613,A239
J164613,D382
J164621,V753
J164659,C247
J164659,U574
J164701,V911
J164710,D382
J164713,U210
J164729,K346
J164732,H296
J164745,G024
J164751,K346
J164756,N110
J164759,N110
J164807,Z060
J164816,A239
J164816,D382
J164835,N766
J164835,X877
J164846,Y790
J164900,V753
J164921,B274
J164921,Z647
J164927,J244
J164931,B274
J164931,Y683
J164938,B274
J164938,O477
J164951,U210
J165001,U210
J165006,B274
J165006,Z647
J165014,B274
J165014,Z647
J165020,C247
J165020,P060
J165056,N110
J165058,C247
J165058,H900
J165105,H900
J165105,X877
J165118,U210
J165153,D845
J165157,E545
J165157,N062
J165205,E175
J165216,N110
J165220,H296
J165224,U210
J165302,U210
J165308,N766
J165308,P060
J165312,E175
J165326,C247
J165326,U574
J165340,H296
J165357,B274
J165357,Y683
J165412,B274
J165412,Z647
J165423,N766
J165423,P060
J165520,H296
J165532,U574
J165532,X877
J165611,C247
J165611,P060
J165641,W237
J165645,N766
J165645,X877
J165648,B274
J165648,Z647
J165719,H900
J165719,X877
J165741,N110
J165743,H296
J165803,U210
J165806,U210
J165815,U210
J165820,N766
J165820,X877
J165839,N766
J165839,X877
J165847,K346
J165901,N110
J165920,P060
J165920,X877
J165936,D845
J165940,H296
J165943,C247
J165943,H900
J165946,H296
J165953,H296
J170002,U210
J170038,B274
J170038,Y683
J170106,N110
J170118,Z457
J170122,H296
J170127,H900
J170127,N766
J170132,D845
J170144,U210
J170151,C247
J170151,H900
J170158,D364
J170215,N766
J170215,X877
J170231,H296
J170236,U210
J170240,E175
J170305,C247
J170305,X877
J170327,V753
J170376,U210
J170409,D845
J170417,E175
J170445,C247
J170445,N766
J170511,U210
J170540,H296
J170544,N110
J170550,K346
J170552,B274
J170552,Y683
J170558,A239
J170558,D382
J170642,C247
J170642,H900
J170645,J244
J170656,K346
J170717,U210
J170736,E175
J170740,U210
J170807,H296
J170809,H296
J170817,U210
J170845,V911
J170930,H296
J170949,N110
J171013,H296
J171019,N110
J171136,V753
J171142,B274
J171142,Z647
J171158,V753
J171225,N766
J171225,X877
J171246,H296
J171309,B274
J171309,Z647
J171312,N110
J171334,P060
J171334,X877
J171344,C247
J171344,U574
J171359,H900
J171359,N766
J171404,L477
J171420,K346
J171424,B274
J171424,O477
J171430,C247
J171430,H900
J171518,B274
J171518,O477
J171539,B274
J171539,Z647
J171542,U210
J171549,U210
J171554,H900
J171554,N766
J171622,Y790
J171653,J244
J171700,N110
J171722,E175
J171805,N110
J171813,D845
J171818,J244
J171828,U210
J171937,H900
J171937,P060
J172003,N110
J172028,K346
J172052,D845
J172125,M267
J172139,H296
J172147,N110
J172240,N110
J172350,A239
J172350,D382
J172354,B274
J172354,O477
J172422,K346
J172431,H296
J172502,C247
J172502,H900
J172512,C247
J172512,X877
J172551,B274
J172551,Y683
J172556,B274
J172556,Y683
J172701,K346
J172743,U210
J172751,U210
J172815,K346
J172840,H296
J172842,V911
J172852,U210
J172907,J244
J172915,C247
J172915,P060
J172926,H900
J172926,X877
J172937,M267
J172943,H296
J173052,H296
J173213,B274
J173213,Z647
J173223,D845
J173230,U210
J173245,B274
J173245,Z647
J173322,A239
J173322,D382
J173330,K346
J173506,H296
J173550,E175
J173638,C247
J173638,H900
J173645,H296
J173842,N110
J174317,U210
J174405,J244
J174449,B274
J174449,Y683
J174618,D382
J200727,D382
J203753,D845
J203814,B274
J203814,Z647
J203952,P060
J203952,X877
J204030,D845
J204039,U210
J204221,A239
J204221,D382
J204230,C247
J204230,X877
J204323,U210
J204350,M267
J204503,N110
J204506,H900
J204506,X877
J204623,A239
J204623,D382
J204635,N766
J204635,P060
J204640,Z060
J204815,N766
J204815,X877
J204842,U210
J204853,C247
J204853,H900
J205004,N110
J205027,U210
J205136,U210
J205141,V911
J205205,D364
J205412,D845
J205517,M267
J205546,B274
J205546,O477
J205659,D364
J205738,H296
J205818,Z060
J205900,U210
J205922,C247
J205922,H900
J210235,E175
J210247,C247
J210247,X877
J210333,C247
J210333,X877
J210355,B274
J210355,Z647
J210422,B274
J210422,O477
J210436,J244
J210445,K346
J210458,N766
J210458,X877
J210519,E175
J210536,B274
J210536,Z647
J210548,B274
J210548,O477
J210750,H296
J210952,U210
J211000,E545
J211000,N062
J211027,C247
J211027,N766
J211036,B274
J211036,O477
J211151,K346
J211258,C247
J211258,P060
J211328,H900
J211328,X877
J211353,V911
J211504,H900
J211504,X877
J211517,V753
J211805,K346
J211817,C247
J211817,X877
J211908,B274
J211908,Y683
J211915,B274
J211915,Y683
J211936,B274
J211936,O477
J212025,K346
J212028,N766
J212028,X877
J212129,H900
J212129,X877
J212159,U210
J212203,M267
J212207,K346
J212224,H296
J212238,A239
J212238,D382
J212302,E175
J212304,D845
J212319,B274
J212319,Y683
J212329,U210
J212336,Y790
J212338,N110
J212417,P060
J212417,X877
J212504,N110
J212607,E545
J212607,N062
J212612,W237
J212627,C247
J212627,H900
J212713,U210
J212812,U210
J212838,C247
J212838,N766
J212851,H900
J212851,X877
J212904,N110
J212906,B274
J212906,Z647
J212954,N766
J212954,P060
J212957,N110
J213055,H296
J213058,B274
J213058,Y683
J213109,K346
J213111,B274
J213111,Z647
J213125,V753
J213139,H900
J213139,X877
J213226,M267
J213245,D364
J213342,N110
J213344,E175
J213411,D845
J213423,K346
J213429,C247
J213429,H900
J213502,E175
J213534,U210
J213555,N110
J213615,H900
J213615,X877
J213642,H296
J213653,N110
J213734,D364
J213737,B274
J213737,O477
J213753,L477
J213820,C247
J213820,P060
J213924,C247
J213924,H900
J213932,N110
J213956,E175
J214006,M267
J214009,K346
J214212,E175
J214227,U210
J214238,A239
J214238,D382
J214308,N766
J214308,X877
J214318,H296
J214440,C247
J214440,N766
J214534,J244
J214600,K346
J214654,U210
J214712,H296
J214725,A239
J214725,D382
J214739,E545
J214739,R474
J214744,U210
J214811,N766
J214811,X877
J214843,A239
J214843,D382
J214854,A239
J214854,D382
J214901,A239
J214901,D382
J214929,E545
J214929,N062
J215009,H296
J215101,C247
J215101,H900
J215117,J244
J215124,V753
J215151,B274
J215151,Z647
J215215,V753
J215304,E175
J215326,U210
J215338,H296
J215417,N110
J215431,N110
J215455,C247
J215455,H900
J215537,B274
J215537,Y683
J215554,H296
J215615,C247
J215615,X877
J215736,B274
J215736,Y683
J215743,C247
J215743,P060
J215754,N110
J215758,C247
J215758,H900
J215900,J244
J215930,V911
J215935,H900
J215935,X877
J215944,A239
J215944,D382
J220151,H900
J220151,X877
J220215,C247
J220215,X877
J220301,U210
J220338,U210
J220438,D845
J220546,M267
J220654,N110
J220832,U210
J220838,U210
J220924,H296
J220950,U210
J221117,U210
J221203,Z060
J221325,H296
J221337,E545
J221337,N062
J221356,M267
J221414,U210
J221447,D845
J221512,H296
J221515,D845
J221855,C247
J221855,X877
J221859,N766
J221859,X877
J222045,V911
J222104,U210
J222120,D845
J222125,C247
J222125,X877
J222206,J244
J222222,U210
J222408,E175
J222604,V911
J222732,U210
J222822,B274
J222822,O477
J222830,A239
J222830,D382
J222834,D364
J222914,Z060
J223018,D364
J223026,N110
J223029,B274
J223029,Z647
J223109,D845
J223207,U210
J223312,N766
J223312,X877
J223320,A239
J223320,D382
J223348,A239
J223348,D382
J223432,Z457
J223511,E545
J223511,R474
J223538,A239
J223538,D382
J223552,B274
J223552,Z647
J223601,U210
J223650,N110
J223658,D845
J223703,N110
J223733,J244
J223808,C247
J223808,N766
J223824,C247
J223824,X877
J223853,A239
J223853,D382
J223855,N110
J224031,C247
J224031,H900
J224145,B274
J224145,Z647
J224148,H900
J224148,U574
J224217,A239
J224217,D382
J224324,J244
J224352,U210
J224401,K346
J224442,J244
J224558,H900
J224558,U574
J224721,Y790
J224754,C247
J224754,N766
J224826,D845
J224926,U210
J225046,Z060
J225111,C247
J225111,P060
J225128,E545
J225128,N062
J225133,C247
J225133,H900
J225234,N766
J225234,X877
J225316,A239
J225316,D382
J225350,U210
J225441,C247
J225441,X877
J225524,U210
J225530,C247
J225530,X877
J225555,J244
J225805,A239
J225805,D382
J225949,U210
J230047,M267
J230049,L477
J230207,B274
J230207,Y683
J230221,E175
J230226,U210
J230242,H296
J230257,D364
J230301,N766
J230301,X877
J230559,V911
J230708,K346
J230722,K346
J230745,E175
J230842,H296
J230905,D845
J230936,H296
J230959,B274
J230959,O477
J231004,N110
J231137,E175
J231210,A239
J231210,D382
J231240,D845
J231245,K346
J231306,N110
J231341,H900
J231341,P060
J231517,B274
J231517,Y683
J231541,J244
J231545,D845
J231614,H900
J231614,U574
J231644,A239
J231644,D382
J231710,C247
J231710,H900
J231837,B274
J231837,O477
J232044,A239
J232044,D382
J232147,A239
J232147,D382
J232200,B274
J232200,Z647
J232246,V911
J232305,A239
J232305,D382
J232329,B274
J232329,Z647
J232336,H296
J232359,B274
J232359,Z647
J232441,K346
J232605,J244
J232715,N110
J232741,H296
J232801,B274
J232801,O477
J232826,D845
J232934,H296
J232959,E175
J233129,A239
J233129,D382
J233255,H296
J233317,Z060
J233359,N110
J233449,C247
J233449,X877
J233517,E175
J233534,B274
J233534,O477
J233550,J244
J233555,B274
J233555,Z647
J233628,K346
J233630,V753
J233658,H296
J233739,D845
J233828,J244
J233839,B274
J233839,Z647
J233909,C247
J233909,X877
J233917,E175
J234152,H296
J234208,E175
J234252,H296
J234421,U574
J234421,X877
J234542,A239
J234542,D382
J234557,B274
J234557,O477
J234722,E175
J234810,B274
J234810,Z647
J234915,B274
J234915,Z647
J234928,H296
J234942,B274
J234942,Y683
J235001,N110
J235108,M267
J235117,B274
J235117,O477
J235219,P060
J235219,X877
J235305,H296
J235321,B274
J235321,O477
J235330,K346
J235408,B274
J235408,O477
J235419,N110
J235447,B274
J235447,O477
J235456,H296
J235525,B274
J235525,Z647
J235630,D845
J235712,K346
J235759,A239
J235759,D382
J235852,A239
J235852,D382
J235924,A239
J235924,D382
J235953,N766
J235953,X877
